"form","a","omega","phi","N","hopping","onsite","next onsite","NNN","NNN overtop"
"OSC-mathematica",35,4,1.0471975511965976,51,-0.03964733924007885-0.03190472021884863*I,-0.025853117088627642+1.9510895962884895*^-7*I,0.00781748495780583-3.493188865093759*^-8*I,0.08641010652780132+0.09275106971427108*I,0.007817484957668083-1.5853081841315358*^-8*I
"OSC-mathematica",35,4.1,1.0471975511965976,51,-0.025007077025912892+0.024320849430938922*I,0.00036528569047235607+2.992271970287032*^-7*I,-0.006629799747356561-1.667928901863405*^-8*I,0.09194613687260009+0.08899580199088108*I,-0.006629799747262931+1.6531472799811205*^-9*I
"OSC-mathematica",35,4.199999999999999,1.0471975511965976,51,0.007723362224390552+0.07002840846689898*I,0.02818053399547535+7.22125461167328*^-7*I,-0.021519914882406243-1.5094478455779644*^-8*I,0.09571925630545211+0.0831688278837317*I,-0.02151991488201542+4.1557336533212174*^-9*I
"OSC-mathematica",35,4.299999999999999,1.0471975511965976,51,0.05316673153721904+0.10089230878186067*I,0.05360874575144863+6.889674255747914*^-7*I,-0.03475524104286144-1.9329232439629358*^-8*I,0.09712821629861798+0.07624434584856288*I,-0.03475524104298981-1.7353930687897806*^-9*I
"OSC-mathematica",35,4.399999999999999,1.0471975511965976,51,0.10528708142487428+0.1148334086901763*I,0.07370023699571443+1.0178898434037657*^-6*I,-0.04485479187863668-2.2285228004216458*^-8*I,0.09597906759155844+0.06910752210776633*I,-0.044854791878163006-1.029210542553538*^-8*I
"OSC-mathematica",35,4.499999999999998,1.0471975511965976,51,0.15804856215652535+0.11186369807544151*I,0.08665539821519426+6.021508615119407*^-7*I,-0.050972353381565604-4.5029123500456865*^-8*I,0.09241458214980834+0.06250121609853856*I,-0.05097235338158214-2.8326456399108155*^-8*I
"OSC-mathematica",35,4.599999999999998,1.0471975511965976,51,0.20603610363742858+0.09382442343396902*I,0.09181120271750602+1.527170094238335*^-7*I,-0.05287190464655327-7.379488570056404*^-8*I,0.08684069815599119+0.05698613558710239*I,-0.05287190464664246-5.548009072382449*^-8*I
"OSC-mathematica",35,4.6999999999999975,1.0471975511965976,51,0.2449880950794944+0.06394579120305288*I,0.08952073174245471-3.059820026857819*^-8*I,-0.05084595285378174-8.196804665026392*^-8*I,0.07983359767402275+0.05291114017959296*I,-0.05084595285379927-6.55301005774667*^-8*I
"OSC-mathematica",35,4.799999999999997,1.0471975511965976,51,0.27214132766862154+0.026284824548406114*I,0.08094949973147889+3.665681647117701*^-7*I,-0.04558498327804689-6.219363305463468*^-8*I,0.07204374871494404+0.05041887763782458*I,-0.0455849832780075-4.6455181105586875*^-8*I
"OSC-mathematica",35,4.899999999999997,1.0471975511965976,51,0.28631901174991675-0.014896262824042545*I,0.06774200175576225+5.267948731915599*^-7*I,-0.03801136809285521-4.2737155290277345*^-8*I,0.06409531959263594+0.049460121586472075*I,-0.038011368092844305-2.7559762789769848*^-8*I
"OSC-mathematica",35,4.9999999999999964,1.0471975511965976,51,0.287774913449636-0.05565921797241911*I,0.05173148379023428+2.162097117101678*^-7*I,-0.029114605465595012-5.4075709809182516*^-8*I,0.056519947173006714+0.049849732640587126*I,-0.029114605465582526-3.7969267376426904*^-8*I
"OSC-mathematica",35,5.099999999999996,1.0471975511965976,51,0.27786606750663223-0.09276420016452362*I,0.03467010448915439+2.2810197398491924*^-7*I,-0.01981742039701637-5.251135163376526*^-8*I,0.04971726288251845+0.05131527095620459*I,-0.019817420396987594-3.874831740915819*^-8*I
"OSC-mathematica",35,5.199999999999996,1.0471975511965976,51,0.25865088114104445-0.1238532107988636*I,0.018040936729501626+8.565024738041537*^-8*I,-0.010889017478493548-4.895247964694101*^-8*I,0.04393438428446531+0.05355253165359588*I,-0.010889017478502211-3.553384303139365*^-8*I
"OSC-mathematica",35,5.299999999999995,1.0471975511965976,51,0.23251527847608572-0.14745624147467978*I,0.00298934148304986+3.256873402800373*^-7*I,-0.0029036978771409157-2.73558622404127*^-8*I,0.03929221402548901+0.05626300291204582*I,-0.0029036978771475527-1.3461701092940625*^-8*I
"OSC-mathematica",35,5.399999999999995,1.0471975511965976,51,0.20187140348446372-0.1628980106201429*I,-0.00971382595333924+1.408744613574076*^-7*I,0.0037606964681496553-3.405638181867971*^-8*I,0.03580366359738575+0.059180201989623225*I,0.003760696468091594-2.028786097742143*^-8*I
"OSC-mathematica",35,5.499999999999995,1.0471975511965976,51,0.16895238487567346-0.17013723029881597*I,-0.019627708535958487+4.5205039450266045*^-7*I,0.008900830474763022-5.39971958008826*^-9*I,0.03340494695816353+0.06208296344977072*I,0.008900830474804895+8.295227006266238*^-9*I
"OSC-mathematica",35,5.599999999999994,1.0471975511965976,51,0.13569818444886156-0.16960113963271056*I,-0.026582257545865552+2.6304715908979866*^-7*I,0.012454576349321143-2.6992780583287602*^-8*I,0.03198501351899869+0.06480234022571621*I,0.012454576349204806-1.100496005857328*^-8*I
"OSC-mathematica",35,5.699999999999994,1.0471975511965976,51,0.1037037501011112-0.16203132746983825*I,-0.030623504901134115+6.540901639385769*^-7*I,0.014465636246329131-9.271819600537431*^-9*I,0.031403813435000975+0.0672106087659947*I,0.014465636246186683+3.444425234525957*^-9*I
"OSC-mathematica",35,5.799999999999994,1.0471975511965976,51,0.07421889851199856-0.1483587813873903*I,-0.03193506863636931+2.2087971037354072*^-7*I,0.015049418344011418-2.8474171109340097*^-8*I,0.031511933724616+0.06922750305966487*I,0.01504941834460818-1.4297219245847998*^-8*I
"OSC-mathematica",35,5.899999999999993,1.0471975511965976,51,0.0481695146282163-0.1296054108990184*I,-0.030806090671063772+4.237455248775371*^-7*I,0.014368871457792063-1.547760666244994*^-8*I,0.03216308735151548+0.07080112553105221*I,0.014368871457479494-2.780700653767462*^-9*I
"OSC-mathematica",35,5.999999999999993,1.0471975511965976,51,0.026193484338710653-0.10681625285771622*I,-0.027576609484915856+4.41422620284315*^-7*I,0.012610378295829089-1.4728940671793905*^-8*I,0.033218162018537056+0.07191207134497302*I,0.01261037829547056-2.596666374034954*^-9*I
"OSC-mathematica",35,6.0999999999999925,1.0471975511965976,51,0.00868624006174559-0.08100935802623711*I,-0.022610422787875825+5.431606604598186*^-7*I,0.009970035980707486-1.806605374430601*^-8*I,0.03455160337336514+0.0725603243215358*I,0.009970035981250205-5.840940071328163*^-10*I
"OSC-mathematica",35,6.199999999999992,1.0471975511965976,51,-0.00416472219978555-0.05314609405000504*I,-0.016274352010312645+8.126028489336935*^-7*I,0.006641940589890514-6.272687337917745*^-10*I,0.036053433403293415+0.07276119255539984*I,0.006641940589034206+1.2376349367085969*^-8*I
"OSC-mathematica",35,6.299999999999992,1.0471975511965976,51,-0.01233765388381061-0.024108876571307367*I,-0.008918482953255397+4.043770475639479*^-7*I,0.0028107177040230073-2.1703578372050836*^-8*I,0.037628265150009596+0.07254263742518459*I,0.0028107177043189893-6.240095005180525*^-9*I
"OSC-mathematica",35,6.3999999999999915,1.0471975511965976,51,-0.015946038029412395+0.005308595088683439*I,-0.000873171617443655+6.60418752037501*^-7*I,-0.0013530641481222343-1.0350718587401213*^-8*I,0.03919847836962752+0.07193910902802862*I,-0.0013530641481911722+6.836290407569486*^-9*I
"OSC-mathematica",35,6.499999999999991,1.0471975511965976,51,-0.015209200234496586+0.03440616640757265*I,0.007564193154068188-7.143828563614138*^-7*I,-0.0056960562298960064-7.890897639448716*^-8*I,0.040696658517061945+0.0709912114282128*I,-0.005696056229572224-6.05275957855192*^-8*I
"OSC-mathematica",35,6.599999999999991,1.0471975511965976,51,-0.010424435766598525+0.06257910831381647*I,0.016131169693518563-6.277404559482063*^-7*I,-0.010083521106369432-7.343992227639411*^-8*I,0.04207201504120586+0.06974383354970902*I,-0.01008352110714129-5.50907755374019*^-8*I
"OSC-mathematica",35,6.69999999999999,1.0471975511965976,51,-0.0019517865848314854+0.0893215178612854*I,0.024599159600880785-5.388854840276166*^-7*I,-0.014399706057607247-7.261192302412629*^-8*I,0.043285364960372386+0.06824053322814444*I,-0.014399706059646987-5.537843887236874*^-8*I
"OSC-mathematica",35,6.79999999999999,1.0471975511965976,51,0.009808464437616612+0.11421184172574962*I,0.03277378083789319-5.376598689925456*^-7*I,-0.018547499517088024-6.428383950826743*^-8*I,0.04430715305739905+0.06652463117803697*I,-0.01854749951707747-5.0453782767203433*^-8*I
"OSC-mathematica",35,6.89999999999999,1.0471975511965976,51,0.024431790803223313+0.13691929696978244*I,0.040497025814313366-4.645914702806749*^-7*I,-0.022447664213203072-6.592527744187679*^-8*I,0.045118219740249016+0.06464063613257054*I,-0.02244766421200774-5.195922329398945*^-8*I
"OSC-mathematica",35,6.999999999999989,1.0471975511965976,51,0.04148002304705723+0.1571918830805021*I,0.04764244523958802-3.72586974249505*^-7*I,-0.02603809238425814-5.7381697267868727*^-8*I,0.04570678306874783+0.06262884796457412*I,-0.026038092384624276-4.213671428090594*^-8*I
"OSC-mathematica",35,7.099999999999989,1.0471975511965976,51,0.06051418055419609+0.17485277410700065*I,0.054113359839776526-3.415880186786245*^-7*I,-0.029271831567177362-5.884901977817052*^-8*I,0.046068347375963624+0.060527787463291544*I,-0.02927183156719204-4.1407944735428056*^-8*I
"OSC-mathematica",35,7.199999999999989,1.0471975511965976,51,0.0811036654894539+0.18979287908483003*I,0.05984106950144728-2.664604406228769*^-7*I,-0.03211664099654975-6.045452252421757*^-8*I,0.04620556409718925+0.05837261730919451*I,-0.03211664099649526-4.223855698408591*^-8*I
"OSC-mathematica",35,7.299999999999988,1.0471975511965976,51,0.10283373978578693+0.20196377514795888*I,0.06478201376827446-1.8824449364262478*^-7*I,-0.034552111669829175-8.483459810084174*^-8*I,0.04612618138755766+0.056195884089902295*I,-0.034552111669854176-6.673542972428672*^-8*I
"OSC-mathematica",35,7.399999999999988,1.0471975511965976,51,0.12531195791708308+0.21136875510700381*I,0.06891551585548601+1.1238020717795507*^-7*I,-0.03656940435934292-5.767012014914459*^-8*I,0.045836114983977425+0.054024927022204905*I,-0.03656940435934994-3.924761918325024*^-8*I
"OSC-mathematica",35,7.499999999999988,1.0471975511965976,51,0.14817231487883537+0.2180590409774245*I,0.07223586420908336+1.722019064272947*^-7*I,-0.038168700091665064-5.841567850334804*^-8*I,0.04535125410888228+0.05188677499317151*I,-0.038168700091665286-3.922837773730036*^-8*I
"OSC-mathematica",35,7.599999999999987,1.0471975511965976,51,0.17107964870443682+0.2221234984034904*I,0.07475682591715734+2.1744130600693396*^-7*I,-0.039358697191256606-5.673536424320003*^-8*I,0.044686457696546826+0.049800560960229126*I,-0.0393586971912383-3.75493896930047*^-8*I
"OSC-mathematica",35,7.699999999999987,1.0471975511965976,51,0.19373060171145173+0.22368549532723028*I,0.07650533876627996+9.483271311801505*^-8*I,-0.04015420067444156-4.994009002837784*^-8*I,0.043858584212965596+0.047786347193489294*I,-0.040154200674455534-3.0067418828761694*^-8*I
"OSC-mathematica",35,7.7999999999999865,1.0471975511965976,51,0.21585723156541922+0.2228926574876076*I,0.07751674167623158+6.566716094536438*^-8*I,-0.04057567371911169-6.296498468519445*^-8*I,0.04288595497007806+0.04585739811320708*I,-0.040575673719111416-4.402517106337812*^-8*I
"OSC-mathematica",35,7.899999999999986,1.0471975511965976,51,0.2372253811719269+0.21991335603377188*I,0.07783802778159121+8.283221551103048*^-8*I,-0.04064728962875352-3.271736225639307*^-8*I,0.041785838901370075+0.044026911647873805*I,-0.04064728962874454-1.4608087879522678*^-8*I
"OSC-mathematica",35,7.999999999999986,1.0471975511965976,51,0.25763298622132397+0.21492765731769345*I,0.07751855425039311+1.267659593460402*^-7*I,-0.04039575993685836-4.643904747622018*^-8*I,0.040579305366895815+0.042302377494355975*I,-0.040395759936853425-2.6370596055753176*^-8*I
"OSC-mathematica",35,8.099999999999985,1.0471975511965976,51,0.27691395335495794+0.20812995073283833*I,0.07661399250081577+9.635182076878456*^-8*I,-0.03985079659198952-6.065081072105424*^-8*I,0.03928156822956481+0.04069088544195443*I,-0.0398507965919775-4.124242037711879*^-8*I
"OSC-mathematica",35,8.199999999999985,1.0471975511965976,51,0.29493449499926205+0.19971357695168349*I,0.07518431026851984+4.618506036715099*^-8*I,-0.03904218710762243-5.436784735855018*^-8*I,0.03791151896392057+0.03919745157353604*I,-0.03904218710763197-3.5225169853346496*^-8*I
"OSC-mathematica",35,8.299999999999985,1.0471975511965976,51,0.3115860285908304+0.1898774601077105*I,0.07328579946995585+1.3465551823008116*^-7*I,-0.03800100314884565-4.994562584357939*^-8*I,0.03648486097274424+0.03782241011927858*I,-0.03800100314882733-3.4330864011877666*^-8*I
"OSC-mathematica",35,8.399999999999984,1.0471975511965976,51,0.32679125868261105+0.17881586234580465*I,0.07097883198854862+2.6020556286149517*^-8*I,-0.03675672338525722-2.5666131743540984*^-8*I,0.035018005116614986+0.03656781553307267*I,-0.03675672338525572-7.245809213645454*^-9*I
"OSC-mathematica",35,8.499999999999984,1.0471975511965976,51,0.34049608377724205+0.16671986879863154*I,0.06832262364325886-4.4158756896206664*^-8*I,-0.03533929310511719-3.069329933132176*^-8*I,0.03352481074783637+0.03543278534759662*I,-0.03533929310514014-1.2599541988950834*^-8*I
"OSC-mathematica",35,8.599999999999984,1.0471975511965976,51,0.35266906033667783+0.15377144425003475*I,0.06537046611544893-5.998325221069955*^-8*I,-0.03377734779200814-2.911846489592389*^-8*I,0.03201815981800292+0.03441338527276759*I,-0.03377734779203062-1.284405450801063*^-8*I
"OSC-mathematica",35,8.699999999999983,1.0471975511965976,51,0.36329870585548496+0.1401456755357656*I,0.062176115529684724-1.324726512533147*^-7*I,-0.032097789643830296-4.162702168954243*^-8*I,0.030509931380118923+0.03350649938938615*I,-0.032097789643827375-2.435087525490112*^-8*I
"OSC-mathematica",35,8.799999999999983,1.0471975511965976,51,0.3723920153618235+0.12600646250972025*I,0.0587895225526009-3.226735630796044*^-8*I,-0.030326010204384187-1.7794050981046013*^-8*I,0.0290103282164792+0.032708593933805846*I,-0.030326010204390366+1.0910013841519303*^-9*I
"OSC-mathematica",35,8.899999999999983,1.0471975511965976,51,0.37996898184353656+0.11150605819238943*I,0.05525643173138517-5.5911421627996034*^-9*I,-0.028485300363526776-1.2954653574060176*^-8*I,0.027529088772671177+0.03201367625738251*I,-0.028485300363562092+6.286412187242285*^-9*I
"OSC-mathematica",35,8.999999999999982,1.0471975511965976,51,0.3860628587242837+0.09678661810681528*I,0.05162058260676146-3.833668089187475*^-8*I,-0.026597022923920396-2.6689468494302824*^-8*I,0.02607492400535906+0.03141630174443411*I,-0.026597022923937317-7.75346153987094*^-9*I
"OSC-mathematica",35,9.099999999999982,1.0471975511965976,51,0.3907197140536887+0.08197869710331743*I,0.04792088285868382+4.210949529382052*^-8*I,-0.02468103001426197-2.7350215253818477*^-8*I,0.024654920078271254+0.030912110044157497*I,-0.024681030014275386-7.657211237214002*^-9*I
"OSC-mathematica",35,9.199999999999982,1.0471975511965976,51,0.39399289490911177+0.06719889918399752*I,0.044192210843820905-2.913577416758526*^-8*I,-0.022755674354758303-2.5166948273919215*^-8*I,0.023272693781570673+0.030493246397998476*I,-0.02275567435473472-5.840299002860841*^-9*I
"OSC-mathematica",35,9.299999999999981,1.0471975511965976,51,0.39594268341199446+0.052552821617729575*I,0.04046609919223976+3.710395173499428*^-8*I,-0.020835528867952695-6.915876143571054*^-9*I,0.02193585088539123+0.03015499721717221*I,-0.020835528867985488+1.2741561056253319*^-8*I
"OSC-mathematica",35,9.39999999999998,1.0471975511965976,51,0.3966319932418655+0.038136983553282086*I,0.036771060088540364+2.178338930531527*^-8*I,-0.01893542152659873-1.6926058811180138*^-8*I,0.020647155692133677+0.029889957184734417*I,-0.018935421526584235+2.775075653259742*^-9*I
"OSC-mathematica",35,9.49999999999998,1.0471975511965976,51,0.3961336823386725+0.024033735142062636*I,0.033131835076827466-3.9325049596199495*^-8*I,-0.01706702645772594-8.626702053433491*^-9*I,0.019410597511346096+0.0296936959329651*I,-0.017067026457685704+1.1306509587509461*^-8*I
"OSC-mathematica",35,9.59999999999998,1.0471975511965976,51,0.39451603743008856+0.010317086150110118*I,0.02956923786586172+1.1344406039631827*^-8*I,-0.015240666769758302-1.7164805596431625*^-8*I,0.018228992685567234+0.029557998074677565*I,-0.01524066676973835+2.5501163923505496*^-9*I
"OSC-mathematica",35,9.69999999999998,1.0471975511965976,51,0.39185432603517106-0.0029482582564918087*I,0.026101445423278042-7.072412303202714*^-8*I,-0.013466626586823995-3.3709728111035585*^-8*I,0.017101622277380393+0.029478158128885424*I,-0.013466626586808281-1.4044992866428553*^-8*I
"OSC-mathematica",35,9.79999999999998,1.0471975511965976,51,0.3882237827222547-0.015711662891533768*I,0.02274464256749709-7.125415441420922*^-8*I,-0.011751540176593581-1.9400593286849655*^-8*I,0.016031186501728273+0.029449964613454675*I,-0.011751540176595129-1.7470363885900922*^-9*I
"OSC-mathematica",35,9.899999999999979,1.0471975511965976,51,0.3836970252545488-0.027924462643759647*I,0.019512955836262707-1.0915935317342494*^-7*I,-0.010101590860697705-2.4028009255671295*^-8*I,0.015019443144952316+0.029466026197811294*I,-0.010101590860680604-6.728351015808455*^-9*I
"OSC-mathematica",35,9.999999999999979,1.0471975511965976,51,0.3783476097153473-0.03955116705304177*I,0.016413237262151884-6.870104041340405*^-8*I,-0.008522204618825188-5.479444470595982*^-9*I,0.014064364801105192+0.029522900904186904*I,-0.008522204618817676+1.1653990409258596*^-8*I
"OSC-mathematica",35,10.099999999999978,1.0471975511965976,51,0.3722447430284465-0.0505581286820852*I,0.01345704877821475-5.694505039846125*^-8*I,-0.007017480237196061-1.2578294721396454*^-8*I,0.013166687316269191+0.029613828552376528*I,-0.0070174802371995235+4.123947061198237*^-9*I
"OSC-mathematica",35,10.199999999999978,1.0471975511965976,51,0.36546064178987736-0.06092376539785592*I,0.010650007389188225-1.0401738985891391*^-7*I,-0.0055898892841020655-1.9033110537687814*^-8*I,0.01232598754792444+0.029735780498382984*I,-0.005589889284145458-2.6075784382482315*^-9*I
"OSC-mathematica",35,10.299999999999978,1.0471975511965976,51,0.3580625064150771-0.07062959870617251*I,0.007995062596330064-1.0045051930272993*^-7*I,-0.004241479445633838-2.492089915464069*^-8*I,0.01154174676549435+0.029884017469192378*I,-0.004241479445635389-1.0077212639156027*^-8*I
"OSC-mathematica",35,10.399999999999977,1.0471975511965976,51,0.35011420023244677-0.07966302907291667*I,0.005497635494844284-1.9830116290260601*^-7*I,-0.0029743244263022335-3.4810460695701564*^-8*I,0.010811294024786195+0.030054867041587784*I,-0.0029743244262847718-1.9109472768465047*^-8*I
"OSC-mathematica",35,10.499999999999977,1.0471975511965976,51,0.34167886842189193-0.08801752537543509*I,0.0031577858475990844-1.644201082518942*^-7*I,-0.0017887533321234196-3.164309178584171*^-9*I,0.010133910807277399+0.03024645410497145*I,-0.0017887533321555397+1.2438917842777836*^-8*I
"OSC-mathematica",35,10.599999999999977,1.0471975511965976,51,0.33281530780159335-0.09568636211357354*I,0.0009772902229849903-1.0764492748506665*^-7*I,-0.0006848562659460787-5.784857720094684*^-9*I,0.009508488110383196+0.03045250049258974*I,-0.0006848562659519837+1.0618365518963035*^-8*I
"OSC-mathematica",35,10.699999999999976,1.0471975511965976,51,0.3235783619616203-0.1026734570912518*I,-0.0010454622513333244-3.3524402220332137*^-7*I,0.0003386331094641336-4.248872827369852*^-8*I,0.00893358660219637+0.030668561691697765*I,0.00033863310950056624-2.587274665831922*^-8*I
"OSC-mathematica",35,10.799999999999976,1.0471975511965976,51,0.3140249589173072-0.10898140514983963*I,-0.002911384186127965-2.966906199131645*^-7*I,0.0012814912482737029-3.0341230615806996*^-8*I,0.008406649577519245+0.030896290121276346*I,0.0012814912482828136-1.355077678324353*^-8*I
"OSC-mathematica",35,10.899999999999975,1.0471975511965976,51,0.30420333890219253-0.1146162917761101*I,-0.004624282144034491-1.494015704743303*^-7*I,0.0021455581252484215-1.1445307160368526*^-8*I,0.0079263633860279+0.031130835058539915*I,0.0021455581252558913+5.611114011733696*^-9*I
"OSC-mathematica",35,10.999999999999975,1.0471975511965976,51,0.294162086731886-0.11958790264265808*I,-0.0061846877925605705-5.852211303777318*^-8*I,0.0029323430792042443-9.215897565382237*^-9*I,0.0074906289499622174+0.03136900015709088*I,0.002932343079159235+7.469550673673203*^-9*I
"OSC-mathematica",35,11.099999999999975,1.0471975511965976,51,0.28394420616496086-0.12390796974895518*I,-0.007597777675066121-9.482326536044425*^-8*I,0.003643850776639479-2.1588667058249862*^-9*I,0.0070972225096433104+0.03161107876017395*I,0.0036438507766408113+1.5483026609345304*^-8*I
"OSC-mathematica",35,11.199999999999974,1.0471975511965976,51,0.273592040745427-0.12758901137579376*I,-0.008866302366739161-1.3508258992603847*^-7*I,0.004282704458197718-2.3066769535846376*^-9*I,0.006746038794753045+0.03185190102620266*I,0.0042827044582229405+1.4585966526746907*^-8*I
"OSC-mathematica",35,11.299999999999974,1.0471975511965976,51,0.2631447301622402-0.1306471081096172*I,-0.009995289516118456-1.7227423945823338*^-7*I,0.004850139003871538-5.686128279626222*^-9*I,0.006431871052672073+0.032092330756602436*I,0.0048501390038679995+1.0329574390573075*^-8*I
"OSC-mathematica",35,11.399999999999974,1.0471975511965976,51,0.25263764274104816-0.13309760447619404*I,-0.010990091832305938-2.2062080774792947*^-7*I,0.00534921315875193-1.3213364536817286*^-8*I,0.0061546257764399735+0.032329736412168894*I,0.0053492131587511565+2.1361608372108212*^-9*I
"OSC-mathematica",35,11.499999999999973,1.0471975511965976,51,0.24210482549235338-0.13495959117143613*I,-0.011855735705249218-3.066239020115423*^-7*I,0.005782265386316793-1.651610236936785*^-8*I,0.005911502960896921+0.032563954826436974*I,0.005782265386232988-1.6846955065073306*^-9*I
"OSC-mathematica",35,11.599999999999973,1.0471975511965976,51,0.23157707782411438-0.13624960048785345*I,-0.012596108184270621-2.6434367773572265*^-7*I,0.006152376404674236-1.2253111690955349*^-8*I,0.005702392057952685+0.03279189868447212*I,0.006152376404687569+1.7708177050521472*^-9*I
"OSC-mathematica",35,11.699999999999973,1.0471975511965976,51,0.22108302035311417-0.13698698812458657*I,-0.013216994392435146-3.076394650488287*^-7*I,0.006461954837398021-1.3334997399314328*^-8*I,0.005524499263491095+0.033013380121431284*I,0.006461954837410411
"OSC-mathematica",35,11.799999999999972,1.0471975511965976,51,0.21064803881041427-0.13719231385387481*I,-0.013723635968666981-2.9912307754939286*^-7*I,0.006713720726898513-1.5901851529669714*^-8*I,0.005375153680913071+0.033227310399209155*I,0.006713720726994717-3.168994227809486*^-9*I
"OSC-mathematica",35,11.899999999999972,1.0471975511965976,51,0.20029701120700888-0.13688373261683157*I,-0.014121094104950492-3.604698993059706*^-7*I,0.006910296033686789-1.9127020354282276*^-8*I,0.005253879617454258+0.033433489299353934*I,0.006910296033583209-7.21046677171598*^-9*I
"OSC-mathematica",35,11.999999999999972,1.0471975511965976,51,0.19005096866541654-0.13608246019226175*I,-0.014414664966173206-3.0322863410344905*^-7*I,0.007054904390355759-1.681679345547854*^-8*I,0.005159258385088836+0.033629377574333506*I,0.0070549043904008304-6.013342939616484*^-9*I
"OSC-mathematica",35,12.099999999999971,1.0471975511965976,51,0.17993032290043565-0.13480855474504397*I,-0.014609965461272679-5.473426370939105*^-7*I,0.007149699662085791-4.694995996653295*^-8*I,0.005088262028207604+0.03381647041828249*I,0.007149699662111431-3.7040250922835586*^-8*I
"OSC-mathematica",35,12.19999999999997,1.0471975511965976,51,0.16995273078079073-0.13308229854857423*I,-0.014712655944986927-9.851464844270119*^-8*I,0.007197412202936883-1.3346187217735018*^-8*I,0.00504015756966363+0.033994331159695405*I,0.00719741220296586-4.348584668394739*^-9*I
"OSC-mathematica",35,12.29999999999997,1.0471975511965976,51,0.16013516815419712-0.13092310908852806*I,-0.014726050763769287-4.246250687733141*^-7*I,0.007200776517808417-1.5577755306568918*^-8*I,0.005012627209518081+0.03416171151443635*I,0.007200776517810661-6.83335542638441*^-9*I
"OSC-mathematica",35,12.39999999999997,1.0471975511965976,51,0.15049189356752873-0.1283530534902741*I,-0.01465750335910181-2.1592745630400485*^-7*I,0.007162570916360387-6.7112897238126805*^-9*I,0.005005782002015127+0.03431798576964473*I,0.007162570916554915+1.2620918326237307*^-9*I
"OSC-mathematica",35,12.49999999999997,1.0471975511965976,51,0.14103581833807524-0.12538937937207192*I,-0.014510020526915164-9.158690037372011*^-8*I,0.007085065525602948-5.848281779739435*^-9*I,0.005016924191967271+0.034462252241753866*I,0.007085065525692127+1.7510685642261884*^-9*I
"OSC-mathematica",35,12.59999999999997,1.0471975511965976,51,0.13177796682856632-0.12205199953844328*I,-0.01429083751375928-4.530077863537385*^-7*I,0.006970504512016314-2.5409156254610126*^-8*I,0.005044098272542328+0.03459630062333564*I,0.0069705045114517895-1.839029333754443*^-8*I
"OSC-mathematica",35,12.699999999999969,1.0471975511965976,51,0.12272988088800936-0.11836176124270908*I,-0.014001582118646012-5.522609577761021*^-7*I,0.0068214468582702345-2.6997959405290493*^-8*I,0.005086208074560549+0.034719316743901774*I,0.006821446858493889-2.0252743266338873*^-8*I
"OSC-mathematica",35,12.799999999999969,1.0471975511965976,51,0.11390008735060905-0.11433581999588824*I,-0.013646744713526374-4.370783211914318*^-7*I,0.006640452796924538-1.8090562941830743*^-8*I,0.005144454934288913+0.03483066852686209*I,0.0066404527970156425-1.184683365636356*^-8*I
"OSC-mathematica",35,12.899999999999968,1.0471975511965976,51,0.1052963300398268-0.10999310584714442*I,-0.01323365818684014-5.1400444756998*^-7*I,0.006429533215857309-1.8255803197265296*^-8*I,0.0052163122140120805+0.03493049988719773*I,0.006429533215506818-1.259709433977679*^-8*I
"OSC-mathematica",35,12.999999999999968,1.0471975511965976,51,0.0969262208657407-0.10535093747108214*I,-0.012765042369544037-3.305048954375598*^-7*I,0.006190896558697947-7.033793370952281*^-9*I,0.005301608837713236+0.03501794716664007*I,0.00619089655806555-1.6961278523246953*^-9*I
"OSC-mathematica",35,13.099999999999968,1.0471975511965976,51,0.08879410459699097-0.10042815649714334*I,-0.012244183456023664-1.453519162003277*^-7*I,0.005926386892027163-1.958759327819193*^-8*I,0.005395967078779945+0.035093992430391796*I,0.00592638689229813-1.243115386359172*^-8*I
"OSC-mathematica",35,13.199999999999967,1.0471975511965976,51,0.08090412199852662-0.09524035136403869*I,-0.011675890124690422-6.969733122030996*^-8*I,0.005638112989395521-1.6431014293893266*^-8*I,0.005500992509078034+0.03515942047213084*I,0.005638112987896026-9.785388835470675*^-9*I
"OSC-mathematica",35,13.299999999999967,1.0471975511965976,51,0.07326256629911024-0.08980603313549308*I,-0.011064002215324567-1.1190073640291375*^-7*I,0.005327890359451984-1.6362071646451837*^-8*I,0.005615591431861458+0.035213861873753215*I,0.00532789036080656-8.809682790235162*^-9*I
"OSC-mathematica",35,13.399999999999967,1.0471975511965976,51,0.06587068809294774-0.08413917803261078*I,-0.010412311905284913-6.548507978180883*^-7*I,0.004997481954130658-3.429140754437944*^-8*I,0.005737875761915641+0.035258653283185115*I,0.004997481941430914-2.7584826804370336*^-8*I
"OSC-mathematica",35,13.499999999999966,1.0471975511965976,51,0.05873104589748243-0.07825505195639722*I,-0.009722994702838626-7.372053324861086*^-7*I,0.0046488667928623675-3.920947918024165*^-8*I,0.005868418749576744+0.03529098942315945*I,0.0046488667724164864-3.308990699912639*^-8*I
"OSC-mathematica",35,13.599999999999966,1.0471975511965976,51,0.05184657383430934-0.07217017701105681*I,-0.008999748058701166-7.322518055949419*^-7*I,0.004283599917905535-4.5043177324876306*^-8*I,0.006006063719512211+0.03531106137026638*I,0.004283599917362765-3.9515087210700324*^-8*I
"OSC-mathematica",35,13.699999999999966,1.0471975511965976,51,0.04521677899424613-0.06589862500411643*I,-0.008246231125145121-7.396374166808156*^-7*I,0.003903078061157427-4.490401292340784*^-8*I,0.006149137438226894+0.035322172776061096*I,0.0039030780611994283-3.9990437364394374*^-8*I
"OSC-mathematica",35,13.799999999999965,1.0471975511965976,51,0.038842996124701004-0.05945470973642213*I,-0.007465326814743481-7.688272335139675*^-7*I,0.0035088702207952682-4.3312395606740825*^-8*I,0.00629757616370151+0.03532348039918878*I,0.003508870223645981-3.8994871546225046*^-8*I
"OSC-mathematica",35,13.899999999999965,1.0471975511965976,51,0.03272410671205301-0.05285011968633461*I,-0.006659580309920057-8.943253258771426*^-7*I,0.003102449232215875-4.463415705735955*^-8*I,0.006451543394429822+0.0353151624076868*I,0.003102449216106952-4.078819523256136*^-8*I
"OSC-mathematica",35,13.999999999999964,1.0471975511965976,51,0.02685999470898826-0.046099034756404464*I,-0.0058319956919706106-1.111585823448545*^-6*I,0.0026851401290217264-4.855230418081264*^-8*I,0.006608860452451589+0.03529640076247286*I,0.0026851401226605197-4.6951199786873605*^-8*I
"OSC-mathematica",35,14.099999999999964,1.0471975511965976,51,0.021249615327093047-0.03921390115498068*I,-0.004984643193500963-1.1100306088676512*^-6*I,0.002258195143923253-4.924018935521813*^-8*I,0.0067692453306567365+0.03526835488371367*I,0.002258195143617806-4.812164747809568*^-8*I
"OSC-mathematica",35,14.199999999999964,1.0471975511965976,51,0.01589174321770437-0.03220639436273905*I,-0.004119993323963782-1.443016523535048*^-6*I,0.0018228865277275762-6.424217537949395*^-8*I,0.00693213413608296+0.035230426383669834*I,0.0018228865307217054-6.363963412172827*^-8*I
"OSC-mathematica",35,14.299999999999963,1.0471975511965976,51,0.010783609300191645-0.025087828173745146*I,-0.0032427296752999164-4.621213744464373*^-7*I,0.0013802886712114583-2.3603938703010996*^-8*I,0.007098954640166072+0.03518479651979713*I,0.0013802886694062912-2.3901843746180447*^-8*I
"OSC-mathematica",35,14.399999999999963,1.0471975511965976,51,0.005923901287848008-0.01786953107194452*I,-0.0023506105074521076-4.2580480589854703*^-7*I,0.0009314982576055335-2.300800807939205*^-8*I,0.007266521032236645+0.035129990759136795*I,0.0009314982547590916-2.1401162041893415*^-8*I
"OSC-mathematica",35,14.499999999999963,1.0471975511965976,51,0.001310122426296873-0.010561186900317782*I,-0.001447776372798348-4.1656831540355964*^-7*I,0.00047750608743115167-2.2462560307958425*^-8*I,0.007435622446372765+0.03506676588457991*I,0.00047750608754729834-2.121153587739561*^-8*I
"OSC-mathematica",35,14.599999999999962,1.0471975511965976,51,-0.0030611626823454346-0.0031740967158304942*I,-0.0005362900804365353-3.88993188120474*^-7*I,0.000019341442262382075-2.1699278981542673*^-8*I,0.00760615131004684+0.03499554178005908*I,0.000019341443734676583-2.0784095805280437*^-8*I
"OSC-mathematica",35,14.699999999999962,1.0471975511965976,51,-0.0071928183545603265+0.004282694412226209*I,0.00038221645061258425-3.948082670213429*^-7*I,-0.00044214665585219984-2.324992740835311*^-8*I,0.0077771567578734475+0.034916401155579375*I,-0.00044214665697481573-2.2668764307604637*^-8*I
"OSC-mathematica",35,14.799999999999962,1.0471975511965976,51,-0.011087760248556818+0.01180011160452817*I,0.001304387457372248-7.718791985652159*^-7*I,-0.0009060517741200196-3.665372415095027*^-8*I,0.007948402129562286+0.0348294934277228*I,-0.0009060517730653493-3.638023489299237*^-8*I
"OSC-mathematica",35,14.899999999999961,1.0471975511965976,51,-0.014749654455959538+0.019368934509764773*I,0.00223149703655388-7.410762945553606*^-7*I,-0.001371699157414516-3.341140363145171*^-8*I,0.008118423984545072+0.034735959928654477*I,-0.0013716991591518589-3.340199525517024*^-8*I
"OSC-mathematica",35,14.999999999999961,1.0471975511965976,51,-0.018182025898983656+0.0269816789767669*I,0.0031608441254240617-5.630698896976147*^-7*I,-0.001838285461395351-2.2765038891883595*^-8*I,0.00829002370589627+0.03463491511574473*I,-0.001838285464839877-2.3101000140274515*^-8*I
"OSC-mathematica",35,15.09999999999996,1.0471975511965976,51,-0.021388628683152472+0.03463023260586502*I,0.004091463194102657-2.951714648435694*^-7*I,-0.0023050722414830367-9.653855936435434*^-9*I,0.008462163347047193+0.034527145342851506*I,-0.002305072244002799-1.2377695299315222*^-8*I
"OSC-mathematica",35,15.19999999999996,1.0471975511965976,51,-0.024373453850864698+0.04230652437553097*I,0.0050208256662304315-2.0285925448468287*^-7*I,-0.0027714220252379393-6.442362942345816*^-9*I,0.008632159491773272+0.03441334300102162*I,-0.0027714220320474506-1.0180930952412635*^-8*I
"OSC-mathematica",35,15.29999999999996,1.0471975511965976,51,-0.027140491900472918+0.050003534504941646*I,0.005949532763213189-2.965682316975921*^-7*I,-0.0032367590665555723-1.055325421511969*^-8*I,0.008800741848254206+0.03429331356346091*I,-0.0032367590694120513-1.359853008339287*^-8*I
"OSC-mathematica",35,15.39999999999996,1.0471975511965976,51,-0.029693932881675298+0.05771455720581781*I,0.006874623975531546-2.757482428754996*^-7*I,-0.0037005099636503516-1.1892611559599104*^-8*I,0.008968083925347155+0.03416728072770306*I,-0.0037005099666254405-1.3277284640496534*^-8*I
"OSC-mathematica",35,15.49999999999996,1.0471975511965976,51,-0.032037677818111295+0.06543301945967002*I,0.007795692858095069-2.2126050464757383*^-7*I,-0.0041621416925865795-9.129778334815135*^-9*I,0.00913396254377202+0.034035698981787536*I,-0.0041621416839752075-1.0733876673043136*^-8*I
"OSC-mathematica",35,15.599999999999959,1.0471975511965976,51,-0.03417608670207618+0.07315280219998563*I,0.008711905867088194-6.238683113375399*^-7*I,-0.004621178787253016-2.6765125736558316*^-8*I,0.009297954368115856+0.03389861452885484*I,-0.004621178754294016-2.8482416354488023*^-8*I
"OSC-mathematica",35,15.699999999999958,1.0471975511965976,51,-0.03611355426643221+0.08086807233865333*I,0.009622585073727354-6.060572752165336*^-7*I,-0.00507714674092645-2.527433707893673*^-8*I,0.009460020253848445+0.03375662612807278*I,-0.0050771467674291595-2.7173728464506663*^-8*I
"OSC-mathematica",35,15.799999999999958,1.0471975511965976,51,-0.03785441924408755+0.08857363544271092*I,0.01052620145617213-5.39827343832689*^-7*I,-0.005529628296729445-2.753593667208953*^-8*I,0.009620881196572275+0.03360982985137524*I,-0.005529628297643866-2.971563288951439*^-8*I
"OSC-mathematica",35,15.899999999999958,1.0471975511965976,51,-0.03940314032486893+0.09626355697851896*I,0.01142232468405164-5.560621708651134*^-7*I,-0.005978246064343325-2.2228194152205906*^-8*I,0.009778612914057773+0.03345827290012454*I,-0.0059782460858530916-2.8146849057605075*^-8*I
"OSC-mathematica",35,15.999999999999957,1.0471975511965976,51,-0.04076380909661369+0.10393359157811384*I,0.012310262062886254-5.500803538406011*^-7*I,-0.006422684227902067-2.740974263158818*^-8*I,0.009934331240033147+0.033302200816667356*I,-0.0064226842337901345-2.9964572973275585*^-8*I
"OSC-mathematica",35,16.09999999999996,1.0471975511965976,51,-0.04194109062813801+0.11157878114482535*I,0.013189364411592554-5.804117958328719*^-7*I,-0.006862568420247295-2.8587641481685276*^-8*I,0.010087321241827575+0.033142037124445974*I,-0.006862568421340674-3.133422047563282*^-8*I
"OSC-mathematica",35,16.19999999999996,1.0471975511965976,51,-0.04293905136032502+0.11919490080763845*I,0.014058523717370139-7.048790745249325*^-8*I,-0.007297623806036227-4.031956183736463*^-9*I,0.010237693901020674+0.03297785340728796*I,-0.007297623807110069-6.966030414445896*^-9*I
"OSC-mathematica",35,16.29999999999996,1.0471975511965976,51,-0.04376227768990177+0.12677783277354002*I,0.014918080069415578-5.974603528692543*^-8*I,-0.007727578885010775-3.429342867455805*^-9*I,0.01038579924571065+0.0328099840371837*I,-0.007727578885628344-6.507394551956644*^-9*I
"OSC-mathematica",35,16.399999999999963,1.0471975511965976,51,-0.04441510580642691+0.13432364434094154*I,0.015768153969408515-5.39302482234552*^-7*I,-0.008152180854650207-2.4534668283895663*^-8*I,0.01053105971694073+0.03263858455328198*I,-0.008152180854581487-2.7744400585809113*^-8*I
"OSC-mathematica",35,16.499999999999964,1.0471975511965976,51,-0.04490189434107871+0.141828647477401*I,0.016606477255968907-5.539401190565585*^-7*I,-0.008571221927451595-2.3639421674079446*^-8*I,0.010673523627410817+0.032463764591872925*I,-0.008571221927266448-2.7018216807666946*^-8*I
"OSC-mathematica",35,16.599999999999966,1.0471975511965976,51,-0.04522695816247374+0.14928945733379342*I,0.01743346099690266-5.643350443411534*^-7*I,-0.008984487688378676-1.7712115032990865*^-8*I,0.010813380111667097+0.03228593245626927*I,-0.008984487688311157-2.443819700674643*^-8*I
"OSC-mathematica",35,16.699999999999967,1.0471975511965976,51,-0.04539498482749192+0.15670187024441817*I,0.018248137455676192-4.659629035207146*^-7*I,-0.009391730393053643-2.3182510973796734*^-8*I,0.010951012240269618+0.03210544363400059*I,-0.009391730393212346-2.969740532686215*^-8*I
"OSC-mathematica",35,16.79999999999997,1.0471975511965976,51,-0.045409504728756794+0.16406610680567704*I,0.019052138860165668-2.862040430015174*^-7*I,-0.00979288214787754-1.170371906900793*^-8*I,0.011084453640351334+0.031922091360423385*I,-0.009792882148046085-1.73049285429349*^-8*I
"OSC-mathematica",35,16.89999999999997,1.0471975511965976,51,-0.04527498753999897+0.17137629904066518*I,0.01984233778022035-2.0295382234625915*^-7*I,-0.010187754312449487-1.0001437311764068*^-8*I,0.011215405142704556+0.03173602554738521*I,-0.01018775431186306-1.585351124808126*^-8*I
"OSC-mathematica",35,16.99999999999997,1.0471975511965976,51,-0.0449956033063748+0.17863065000652792*I,0.020620144506744965-1.914955364865394*^-7*I,-0.010576272725649382-8.0146199690366*^-9*I,0.011342911316826468+0.031547528325214444*I,-0.010576272725942054-1.3249577507150376*^-8*I
"OSC-mathematica",35,17.099999999999973,1.0471975511965976,51,-0.044575561441779786+0.18582690576181604*I,0.021385245310102167-1.443946097702481*^-7*I,-0.010958260382692448-8.394431001838385*^-9*I,0.011467846883568326+0.03135703576929526*I,-0.010958260382586005-1.2676118369331814*^-8*I
"OSC-mathematica",35,17.199999999999974,1.0471975511965976,51,-0.04401881066800614+0.192962887042976*I,0.022137349528650475-1.0845126639763385*^-7*I,-0.011333662948655659-7.183241767731689*^-9*I,0.011589700613802292+0.031164426552165093*I,-0.011333662948268264-1.1648476581702135*^-8*I
"OSC-mathematica",35,17.299999999999976,1.0471975511965976,51,-0.043329122291553224+0.20003511930897702*I,0.022876229984796593-9.521738191367486*^-8*I,-0.011702394298720876-8.523690972199148*^-9*I,0.011708574041907201+0.030969940558189715*I,-0.011702394298558527-1.3217724978973874*^-8*I
"OSC-mathematica",35,17.399999999999977,1.0471975511965976,51,-0.042511219478754775+0.20704411698914885*I,0.023601733705068198-8.732727417147764*^-8*I,-0.012064399149617225-8.769609613769338*^-9*I,0.0118244028949984+0.03077366228463096*I,-0.012064399149218814-1.365765159450933*^-8*I
"OSC-mathematica",35,17.49999999999998,1.0471975511965976,51,-0.04156882497292988+0.21398807242428833*I,0.024315148817650657-3.3634167638869717*^-7*I,-0.01241959526581636-1.973871528409521*^-8*I,0.011936752177540458+0.030575773394102543*I,-0.012419595265910643-2.4800352328747612*^-8*I
"OSC-mathematica",35,17.59999999999998,1.0471975511965976,51,-0.040504721675221754+0.2208635497550442*I,0.025013558876242743-4.058478442142118*^-7*I,-0.012768030964642282-3.432305918092588*^-8*I,0.012046761162724748+0.030376127150329953*I,-0.012768030964412473-3.955196472402083*^-8*I
"OSC-mathematica",35,17.69999999999998,1.0471975511965976,51,-0.039323486938042565+0.22766947977426866*I,0.02569760927187533-1.519792593849895*^-7*I,-0.01310947381853143-1.4647334007531795*^-8*I,0.012152717867943127+0.030175704400842687*I,-0.013109473818759088-2.003077631793569*^-8*I
"OSC-mathematica",35,17.799999999999983,1.0471975511965976,51,-0.03802872702458876+0.23440476963577694*I,0.026370093155565974-1.673809940383482*^-7*I,-0.013444025735942704-9.51644639169206*^-9*I,0.012255357934919758+0.029974160583603467*I,-0.013444025735954167-1.5067909762843196*^-8*I
"OSC-mathematica",35,17.899999999999984,1.0471975511965976,51,-0.03662386968369461+0.24106827409159973*I,0.027027802163563302-1.6352726921792575*^-7*I,-0.013771760034052755-8.065763111682735*^-9*I,0.012355675517757935+0.02977127174391508*I,-0.013771760034117043-1.3766094347571045*^-8*I
"OSC-mathematica",35,17.999999999999986,1.0471975511965976,51,-0.03511251896532462+0.24765925199229646*I,0.027670716603129343-1.4386557442658238*^-7*I,-0.01409257584804299-1.3709056600675332*^-8*I,0.01245336348655849+0.029567314076884153*I,-0.014092575848034965-2.138319497830698*^-8*I
"OSC-mathematica",35,18.099999999999987,1.0471975511965976,51,-0.03349853943348899+0.2541762765826654*I,0.028303033902944454-2.945020129114595*^-7*I,-0.014406230261980492-3.0947019983139543*^-8*I,0.012548086859421935+0.029363864004574455*I,-0.014406230261937287-3.86440267113793*^-8*I
"OSC-mathematica",35,18.19999999999999,1.0471975511965976,51,-0.03178483689087867+0.2606181416512694*I,0.028919787680964516-1.6809741763652896*^-7*I,-0.014713408759071688-6.226151073972381*^-9*I,0.012637805637146993+0.029157743217810922*I,-0.014713408759249744-1.3959773598664561*^-8*I
"OSC-mathematica",35,18.29999999999999,1.0471975511965976,51,-0.029974762720599454+0.2669849778369868*I,0.029521149996008616-1.4006656646021398*^-7*I,-0.015013629626503745-1.535728295416046*^-8*I,0.012726972376745+0.028951806281529796*I,-0.015013629626543602-2.3149723994943425*^-8*I
"OSC-mathematica",35,18.39999999999999,1.0471975511965976,51,-0.028071867594627178+0.2732754168624263*I,0.030110662099163406-1.5638174474530752*^-7*I,-0.015306964032781822-1.5295868788872357*^-8*I,0.012812246190116887+0.028745511869896673*I,-0.015306964032813425-2.31593217972397*^-8*I
"OSC-mathematica",35,18.499999999999993,1.0471975511965976,51,-0.026079280669403675+0.2794890338297816*I,0.030687388794225893-1.8753834399255233*^-7*I,-0.015593515975457519-1.4217711867540198*^-8*I,0.012894611279238171+0.028538790137217857*I,-0.015593515975633462-2.2162142963445406*^-8*I
"OSC-mathematica",35,18.599999999999994,1.0471975511965976,51,-0.02400011257933353+0.28562531270560404*I,0.031250217503032605-2.0521048383567567*^-7*I,-0.01587326824594244-1.3850858619410674*^-8*I,0.012973875545267539+0.028331955189412155*I,-0.015873268245982196-2.1900161060373186*^-8*I
"OSC-mathematica",35,18.699999999999996,1.0471975511965976,51,-0.021837358592836798+0.29168393753168587*I,0.03179905170283694-1.9312965405065905*^-7*I,-0.016146362635387344-1.3460227988656514*^-8*I,0.013050513895614261+0.02812470588615705*I,-0.016146362635630414-2.2016187985302053*^-8*I
"OSC-mathematica",35,18.799999999999997,1.0471975511965976,51,-0.019594210074603203+0.2976645021061136*I,0.032333768009977226-1.294562756327366*^-7*I,-0.016412781363263698-9.530423873586667*^-9*I,0.013124288356761082+0.027917335600448404*I,-0.01641278136317838-1.8054025101803254*^-8*I
"OSC-mathematica",35,18.9,1.0471975511965976,51,-0.017273468372872556+0.30356674728466715*I,0.03285888660075535-1.4086379178702775*^-7*I,-0.016672603466191913-1.130860133156334*^-8*I,0.013195347890483471+0.02770998717423293*I,-0.016672603466096243-1.982507278234764*^-8*I
"OSC-mathematica",35,19.,1.0471975511965976,51,-0.014877885029803547+0.3093902675007717*I,0.03336876412320438-2.1603258934117977*^-7*I,-0.016925874610517044-1.5743698667521994*^-8*I,0.013263665390423484+0.027502751024855884*I,-0.016925874610655395-2.4269316862984214*^-8*I
"OSC-mathematica",35,19.1,1.0471975511965976,51,-0.012410187827143178+0.31513518821700204*I,0.03386298722956467-1.9788712660574136*^-7*I,-0.01717274837223598-9.490247069946386*^-9*I,0.013328895416459369+0.02729527551305106*I,-0.017172748372167042-1.8032942563674554*^-8*I
"OSC-mathematica",35,19.200000000000003,1.0471975511965976,51,-0.009873467749446368+0.32080157882716964*I,0.0343469540242058-1.9452459734103357*^-7*I,-0.017413073512922855-1.57344202983932*^-8*I,0.013392026583023388+0.027088486529559766*I,-0.017413073512860373-2.431466718540189*^-8*I
"OSC-mathematica",35,19.300000000000004,1.0471975511965976,51,-0.00726961927993118+0.3263886737834597*I,0.03481854557473848-1.8887300389973228*^-7*I,-0.01764700420141611-1.7761006955869932*^-8*I,0.01345245971706582+0.02688206318558496*I,-0.01764700420137607-2.6390978614134053*^-8*I
"OSC-mathematica",35,19.400000000000006,1.0471975511965976,51,-0.004603150381802388+0.33189800890654403*I,0.035277181470258656-2.1056418361006164*^-7*I,-0.017874815314566403-1.57057817406911*^-8*I,0.013509811363919289+0.026675482634002576*I,-0.01787481531449141-2.4394882611559118*^-8*I
"OSC-mathematica",35,19.500000000000007,1.0471975511965976,51,-0.0018745167629691361+0.337328372768599*I,0.03572372345115335-2.0614878159330584*^-7*I,-0.018096338696490095-1.703723956736819*^-8*I,0.013565063281572516+0.026469623142151812*I,-0.01809633869644095-2.5794517674681627*^-8*I
"OSC-mathematica",35,19.60000000000001,1.0471975511965976,51,0.0009130654079870544+0.3426803128083877*I,0.036158017227279085-2.0744952758322483*^-7*I,-0.01831173794010472-2.2516170037235293*^-8*I,0.013617878314480738+0.026264219474158572*I,-0.018311737940190035-3.134802031006688*^-8*I
"OSC-mathematica",35,19.70000000000001,1.0471975511965976,51,0.003757686732582655+0.34795375159575387*I,0.0365824278243277-3.45750179734822*^-7*I,-0.018520988634793782-4.132619564530708*^-8*I,0.01366821726382609+0.026059542499052978*I,-0.018520988634876074-5.019350995447288*^-8*I
"OSC-mathematica",35,19.80000000000001,1.0471975511965976,51,0.006656066504597025+0.35314948352901965*I,0.036992299819563784-4.4922921009226333*^-7*I,-0.01872423016876691-6.184534614720675*^-8*I,0.013716908880121491+0.02585568827698064*I,-0.018724230168700465-7.082754450371152*^-8*I
"OSC-mathematica",35,19.900000000000013,1.0471975511965976,51,0.009604925308177517+0.3582672847898763*I,0.03738899395797801-3.930624718134065*^-7*I,-0.018921564059899004-2.293933528891966*^-8*I,0.013759873233877713+0.02565231696702205*I,-0.018921564059788558-3.2299069146826566*^-8*I
"OSC-mathematica",35,20.000000000000014,1.0471975511965976,51,0.012604668994728622+0.36330800510032374*I,0.03777657608015583-2.706177022470738*^-7*I,-0.01911299871947592-1.2534149339919367*^-8*I,0.013803398761624107+0.025450128411472855*I,-0.019112998719510315-2.1700228311851434*^-8*I
