"form","rtol","a","omega","phi","N","hopping","onsite","next onsite","NNN","NNN overtop"
"Linear-m","",30,3.7,0.,51,0.14552733539682494+0.00006004852688818578*I,-0.0000161809986310474+0.00003929666080162856*I,0.00004165173905794524+0.00004167525428157926*I,0.000013996132008708495-0.0024081743241645185*I,-1.2470000114389937*^-6-0.0023376858278871438*I
"Linear-m","",30,4.7,0.,51,0.24020322340758832-0.000024138820085847214*I,-6.3740487510465654*^-6+0.00004085423826863359*I,0.00005773594704983672+0.000040848755246837996*I,0.00002505877182118737-0.002353235640000335*I,4.4716969341872595*^-6-0.002271823817014039*I
"Linear-m","",30,5.7,0.,51,-0.08862051515792027-0.00003125081870058499*I,-0.00006411055159120027+0.00004102364588106669*I,0.000047760210120456614+0.00004081927224395992*I,0.000015434575300910143-0.002399398722080268*I,-7.743395325057354*^-6-0.0023217797141832056*I
"Linear-m","",30,6.7,0.,51,-0.32563381044246925-7.239750304153676*^-7*I,-0.00004857673751763001+0.00004112986196200677*I,-0.000025735652042752077+0.00004151861274645556*I,-0.000026899007681245764-0.002405332189396979*I,-2.0799440382818918*^-6-0.0023430603682908094*I
"Linear-m","",30,7.7,0.,51,-0.40191589825202323+0.000015628573553481412*I,-5.935325644378098*^-6+0.00004149446254010459*I,4.10833423379435*^-6+0.00004102769705054666*I,-1.099643225978622*^-6-0.0023116548853642964*I,6.718286786333572*^-7-0.0022425754656473377*I
"Linear-m","",30,8.7,0.,51,-0.3724511390667621+0.00002608992018637174*I,0.000029940235063589254+0.00004150266585714252*I,1.862416062637512*^-6+0.00004181778324828412*I,6.199851443466214*^-7-0.0022313539273896414*I,1.7571265173450118*^-6-0.0021912585569958494*I
"Linear-m","",30,9.7,0.,51,-0.28988087798341566+0.00003481788434384531*I,0.000022810608045488803+0.00004083497045037763*I,0.000022262826373506406+0.000040969439290065357*I,7.631064492296183*^-7-0.002139825414350813*I,-1.1774996234656387*^-7-0.0020871267628572304*I
"Linear-m","",30,10.7,0.,51,-0.18657775631434206+0.00003734990643373109*I,0.000022599756626863476+0.00003981769503948717*I,0.0000301009565337562+0.00003995059520821546*I,2.2092954705789716*^-6-0.002078504975593118*I,1.5753241237349835*^-7-0.002027820412342835*I
"Linear-m","",30,11.7,0.,51,-0.079781780961897+0.00003734555186235153*I,0.000023482681179539007+0.000039607643044074513*I,0.00001711735209377046+0.00003974675449710306*I,3.2621937504008925*^-6-0.0020534554647148083*I,3.966379205664694*^-6-0.0020114017836181074*I
"Linear-m","",30,12.7,0.,51,0.022507545799891476+0.00003454017304673092*I,-6.040387690494894*^-6+0.00004070317998911245*I,0.000010854302001006046+0.000040669942973556817*I,-0.000011368430164081456-0.0019260774136195334*I,-0.000012634024001656214-0.001883307196001302*I
"Linear-m","",30,13.7,0.,51,0.1160850194084956+0.00003220934826540594*I,8.323299679218257*^-6+0.00003999926604681986*I,0.000022719464709112158+0.00003998475855514802*I,-6.787746325634392*^-7-0.0019212084323381236*I,-2.482388303576841*^-6-0.0018774403825528873*I
"Linear-m","",30,14.7,0.,51,0.20042410039352138+0.000029466054121388593*I,0.000024032338028300015+0.00003941208627149631*I,0.000032863607239378735+0.00003941971295541979*I,-8.992130733293316*^-7-0.0018753160994225543*I,-1.0903336160640598*^-6-0.0018234503227845336*I
"Linear-m","",30,15.7,0.,51,0.27553230772797194+0.00002858345850834424*I,0.000021868613055552044+0.00003814682324584825*I,-5.542139660420255*^-6+0.000038337179297469994*I,-1.1807539656368167*^-6-0.0018435696302307762*I,-6.08666821027247*^-7-0.0018166840899110324*I
"Linear-m","",30,16.7,0.,51,0.342077341521863+0.000025666474886782687*I,7.491948525787523*^-6+0.00003936634698160929*I,1.9862114681015383*^-6+0.000039508466981599306*I,-6.906019109648859*^-7-0.0017220674373181687*I,-5.212004372989916*^-7-0.001708698265205936*I
"Linear-m","",30,17.7,0.,51,0.4009192764734296+0.000024108823884865597*I,7.872758883836761*^-6+0.00003731609955055071*I,-2.9034867992669758*^-6+0.00003741076999234433*I,-4.0344156171205625*^-8-0.0017082979395865664*I,-7.700870115721903*^-8-0.0017018356045170968*I
"Linear-m","",30,18.7,0.,51,0.4529598331649797+0.000021031206919384776*I,6.032868707988789*^-7+0.0000374007790917166*I,8.454888031188268*^-7+0.00003737724661628807*I,-2.1327684582685483*^-7-0.0016464519622979177*I,-3.0167607421340004*^-7-0.0016442932801313205*I
"Linear-m","",30,19.7,0.,51,0.4990442745809979+0.00001824054550757314*I,7.767191017701218*^-8+0.00003671605060162941*I,2.202619583425991*^-7+0.00003671639833989977*I,-4.391637282402487*^-7-0.0015546481181784894*I,-5.653890249902871*^-7-0.0015509852030816645*I
"Linear-m","",30,3.7,0.4487989505128276,51,-0.1353749337209779+0.053456505930948466*I,0.000022160292942506425+0.00004208799376307895*I,0.00003229878172117742+0.00004359402133253847*I,-0.001706161725539013-0.001857731006675469*I,-0.001698459083427835-0.0017981165358912877*I
"Linear-m","",30,4.7,0.4487989505128276,51,-0.223741800194008-0.08727965790362087*I,-2.0234980102583344*^-6+0.00004091016167428648*I,0.000017967492778174412+0.000041207303613541386*I,0.0016803751678664616-0.0018088334473475027*I,0.0016257675104784713-0.0017712194652218629*I
"Linear-m","",30,5.7,0.4487989505128276,51,0.057888751194057446+0.06706339589934308*I,0.000013537858211802394+0.00004104158783815443*I,7.729881118831265*^-7+0.000041718512439196344*I,0.002435032524621581+0.0003866323754773427*I,0.002372728712265809+0.0003429467938593695*I
"Linear-m","",30,6.7,0.4487989505128276,51,0.11831427674762125+0.3033641210916766*I,5.370585599112778*^-6+0.00004176391721569322*I,0.000036445692720569675+0.00004207633229210028*I,0.001570329920368192+0.001762173289773605*I,0.0015690421854386502+0.0017059378565118816*I
"Linear-m","",30,7.7,0.4487989505128276,51,0.04796694246964433+0.3990259692067309*I,0.000015701022334506563+0.000042475426727960695*I,0.00003170424825291+0.000042503258090713836*I,0.0005275431479008105+0.0022551175744308536*I,0.0005362419520839375+0.002199211762158674*I
"Linear-m","",30,8.7,0.4487989505128276,51,-0.027770414206755502+0.37140613958871527*I,0.00002083526528390972+0.00004190291087478843*I,-0.000016905178446753252+0.00004245785974602035*I,-0.00032311618280599867+0.002216578142279565*I,-0.00032819480098157574+0.0021719690340708748*I
"Linear-m","",30,9.7,0.4487989505128276,51,-0.06575864016881701+0.2823238922465069*I,0.00004229619639153741+0.000040130192069540404*I,0.00006160191707054244+0.000040148559687537915*I,-0.000974116626686056+0.001974437141682557*I,-0.0009372745597202962+0.001901160389361137*I
"Linear-m","",30,10.7,0.4487989505128276,51,-0.06470844946174292+0.17499218685110646*I,0.00002020354061945881+0.00003935354614059553*I,0.00005852010702416281+0.00003917126534302508*I,-0.001395513873567361+0.0016303249801386806*I,-0.0013515100446665467+0.0015763729314417028*I
"Linear-m","",30,11.7,0.4487989505128276,51,-0.035273689720946445+0.07155674458370596*I,0.000028058832963376735+0.00003919636374640387*I,0.000023489045845205905+0.00003924590562516219*I,-0.0017331113249799766+0.0013240273677052696*I,-0.0016937143660053717+0.0012960773213326659*I
"Linear-m","",30,12.7,0.4487989505128276,51,0.011718397585655738-0.019249380498282308*I,0.000016153975626175188+0.00003899255309105201*I,0.00002704778792619563+0.000039171227506794255*I,-0.0018315807853879406+0.0009608285609170025*I,-0.001777275000782409+0.0009336325483200682*I
"Linear-m","",30,13.7,0.4487989505128276,51,0.06753749430492867-0.09442685706864268*I,0.000021075528817908473+0.00003858170239187543*I,3.608550331980938*^-6+0.00003869537460517627*I,-0.0019071990046173495+0.0006501723016016858*I,-0.0018690544909659083+0.0006409647578249332*I
"Linear-m","",30,14.7,0.4487989505128276,51,0.12687285994987219-0.15515885480943756*I,0.000022149764096642682+0.00003822085775181932*I,-7.664881063029066*^-6+0.000038464073243660414*I,-0.0020075301918914086+0.0004099614291590047*I,-0.0019785176342562005+0.00040204015264319473*I
"Linear-m","",30,15.7,0.4487989505128276,51,0.1861560187934624-0.2031383828176821*I,-4.941096095945063*^-6+0.00003693406691564939*I,7.710135352464662*^-6+0.00003655653281622951*I,-0.0020430365850477063+0.00017886539224330972*I,-0.0020343135063767104+0.00017854329527416815*I
"Linear-m","",30,16.7,0.4487989505128276,51,0.24333865941674102-0.24042429664007706*I,-2.250862650597955*^-6+0.000038054216561472644*I,-3.103053914758902*^-7+0.00003804098671775917*I,-0.0018936046713560184-0.00002207463583016019*I,-0.0018818673347816193-0.000021643516698874668*I
"Linear-m","",30,17.7,0.4487989505128276,51,0.2973218806419284-0.2689547621906765*I,-3.003908687758026*^-7+0.00003685450999025619*I,-1.3834157436293931*^-6+0.00003683221374461493*I,-0.0018286919363109985-0.00018283893644345582*I,-0.0018249035682549562-0.00018265603449891046*I
"Linear-m","",30,18.7,0.4487989505128276,51,0.3475998710341484-0.29042679471144417*I,0.000016687023631691857+0.00003705287824520867*I,9.549993821387354*^-7+0.000037117991188349344*I,-0.001756817895384307-0.0003173954950512661*I,-0.0017507020643503825-0.00031640688693057237*I
"Linear-m","",30,19.7,0.4487989505128276,51,0.39402445095730787-0.3062501200128249*I,2.4632841778843154*^-8+0.00003674693984523579*I,-2.3186779680873376*^-6+0.000036786334929885004*I,-0.0016354710607979996-0.0004160681067043345*I,-0.001634787366985714-0.00041593269506403144*I
"Linear-m","",30,3.7,0.5235987755982988,51,-0.08907909521394862+0.11507386735099992*I,0.00007127119415348184+0.00003963624946746627*I,4.552244962136194*^-6+0.000039910434461656595*I,-0.002426424585406848+0.0006297124739227144*I,-0.0023145523736554847+0.0005960258960314763*I
"Linear-m","",30,4.7,0.5235987755982988,51,-0.23990223107140307+0.01202623867714034*I,-0.000015514764828925345+0.00004019250208014408*I,-0.000044419939720499735+0.00004168382444990746*I,-0.00024967711444721843-0.0024995115652225825*I,-0.00022550163215339508-0.0023949023985559625*I
"Linear-m","",30,5.7,0.5235987755982988,51,0.07731800723943048+0.043321719220525835*I,-0.00004096228053334657+0.00004093129152236119*I,-0.000050320250988989974+0.000040465237616866334*I,0.0020668578908264166-0.001320552755409348*I,0.002029599359407706-0.0012611385603753496*I
"Linear-m","",30,6.7,0.5235987755982988,51,0.2016594496653919+0.25563537311768153*I,-2.280876530938447*^-6+0.000042230781607544245*I,0.000051537872214740474+0.00004092217919107599*I,0.002313295722073975+0.0005874802963422212*I,0.0022731845287877975+0.0005494581182557013*I
"Linear-m","",30,7.7,0.5235987755982988,51,0.1480382533563073+0.3736427319893638*I,-2.4557240181855237*^-6+0.00004236282611243288*I,-0.000016084704333467828+0.000042451874414292686*I,0.0015997570192827935+0.0016919376100487933*I,0.001568540056928823+0.001669645592382191*I
"Linear-m","",30,8.7,0.5235987755982988,51,0.05688604456627075+0.36806388821633146*I,0.00002305543319226029+0.00004164482516341363*I,0.000016842316844394023+0.00004162358839784502*I,0.0006600643312599147+0.0021484389912246778*I,0.0006642317748094245+0.0020969946796529203*I
"Linear-m","",30,9.7,0.5235987755982988,51,-0.007064197691114412+0.2897937408592691*I,0.00002264752696517179+0.00003947020730559846*I,0.000017366475268092672+0.00003980662315295097*I,-0.00012465291449548395+0.0021068268044623748*I,-0.00010080848736603552+0.002067765392989792*I
"Linear-m","",30,10.7,0.5235987755982988,51,-0.03134986361433878+0.18392150186514333*I,0.000011360722868135331+0.00003944751662268148*I,0.000016880261539519142+0.000039579238110900465*I,-0.0007062705696573184+0.0020110407944344717*I,-0.0006928184513427735+0.0019690326910002023*I
"Linear-m","",30,11.7,0.5235987755982988,51,-0.022699628382360285+0.07648008979019881*I,0.00005900787896928475+0.00003770601890006646*I,0.00005084532770652456+0.00003802434904617994*I,-0.001169102581563799+0.0017763457808646303*I,-0.0011193971639350399+0.0017170244465661657*I
"Linear-m","",30,12.7,0.5235987755982988,51,0.008580011685204432-0.020842001549664722*I,0.00002552163170303917+0.000038988790733968504*I,0.000012592793639145034+0.00003932861173603107*I,-0.001455066174329358+0.001480744525702338*I,-0.00141517787049767+0.0014458708615023505*I
"Linear-m","",30,13.7,0.5235987755982988,51,0.05320664996293103-0.10318364367138282*I,0.000024091776678660144+0.00003724786744820517*I,-7.478086966491949*^-6+0.00003745426979299501*I,-0.001657257609573287+0.0011810971527871884*I,-0.0016313803396468007+0.001164443969833694*I
"Linear-m","",30,14.7,0.5235987755982988,51,0.1048454804188967-0.1708182307806296*I,0.000013024662338033746+0.00003755491466532393*I,-6.431102394990375*^-6+0.00003754605198228966*I,-0.0018119764423575504+0.0009217936440180162*I,-0.0017918414704697293+0.0009115252941194823*I
"Linear-m","",30,15.7,0.5235987755982988,51,0.1590788158646434-0.22497617935072678*I,0.00002932511350624452+0.000037863946813015814*I,-6.1699890735447335*^-6+0.00003824266815786274*I,-0.0018595246645133677+0.0006585208275890638*I,-0.0018312727377101483+0.0006484400026998778*I
"Linear-m","",30,16.7,0.5235987755982988,51,0.21313734684399468-0.2675626777020015*I,0.000016541002435444766+0.000036899571931491614*I,-2.656857804908888*^-6+0.00003700946840119774*I,-0.0019144088927823232+0.0004397769020325433*I,-0.0018943108778973596+0.0004351645610023488*I
"Linear-m","",30,17.7,0.5235987755982988,51,0.26538119269388827-0.300517566323034*I,0.000014226944773861814+0.000036849792671386583*I,3.105461978004237*^-6+0.00003693377949814108*I,-0.0018512535205664569+0.00023092544661476285*I,-0.001840653518775443+0.00022952477239995654*I
"Linear-m","",30,18.7,0.5235987755982988,51,0.31489607227182476-0.325596041182999*I,1.7005329278506538*^-6+0.00003698821710561183*I,-1.5699700400759187*^-6+0.0000370513673051361*I,-0.0017925601876364388+0.000060410890035479886*I,-0.0017901760355892105+0.00006044883991095616*I
"Linear-m","",30,19.7,0.5235987755982988,51,0.36124535156844156-0.344306523050723*I,1.5857942817897193*^-6+0.00003660374424466844*I,0.00001214863755220029+0.00003659516728621893*I,-0.0016636212103317508-0.0000794966817581034*I,-0.0016595021000319495-0.00007916919006010874*I
"Linear-m","",30,3.7,0.6283185307179586,51,0.0077130292496204915+0.1453235826298461*I,2.3275669209094074*^-6+0.000043111064717241685*I,0.00003831868958524727+0.000042333160181707155*I,0.00026922867383935307+0.002529665010431371*I,0.00027083363242971195+0.0024554968582443056*I
"Linear-m","",30,4.7,0.6283185307179586,51,-0.19679772764080772+0.13766136092133807*I,2.1813474409496797*^-6+0.00004130866639132492*I,-0.000018190062657599555+0.00004212022301377698*I,-0.0023316151297340594-0.0008376461515371839*I,-0.002274453861809621-0.0008354182356105897*I
"Linear-m","",30,5.7,0.6283185307179586,51,0.08848996202883572+0.004312538723441026*I,8.434306788015545*^-6+0.00003813180829293859*I,0.00003409908595765365+0.000039310392274299315*I,0.00024839233043571227-0.002340427479994404*I,0.000214099770297562-0.0022637205964305346*I
"Linear-m","",30,6.7,0.6283185307179586,51,0.2842065472286619+0.15892377198120866*I,0.000031935697628562854+0.00004049683958890849*I,0.000015111090611289249+0.0000411857051219271*I,0.0020034064855090987-0.001234143797801058*I,0.001940277192875853-0.0011892632585020898*I
"Linear-m","",30,7.7,0.6283185307179586,51,0.26476203566152534+0.3023592063854585*I,0.00004913352020897535+0.00004019277636415204*I,-8.353252015673093*^-6+0.00004060758390966221*I,0.002362743540225082+0.0003120407130542272*I,0.0023061770368208905+0.00030733811760474267*I
"Linear-m","",30,8.7,0.6283185307179586,51,0.16402326651460758+0.3343752966150789*I,0.000011151801079739416+0.00004138690861838988*I,0.000046731760601643677+0.00004086681734991678*I,0.0017943513768821045+0.001399563810292346*I,0.0017490060809292485+0.0013535727012047357*I
"Linear-m","",30,9.7,0.6283185307179586,51,0.07090139284451645+0.28107035204427006*I,0.00005496666685277096+0.00003870529414158034*I,1.8175773841624943*^-6+0.0000395058906879422*I,0.001048800502882114+0.0019239501197232678*I,0.0010082663067240566+0.0018724566160901145*I
"Linear-m","",30,10.7,0.6283185307179586,51,0.014400551453406046+0.18602196907284352*I,0.000043650879035643866+0.000039398685829124826*I,0.000029110504462504048+0.00003974472431259759*I,0.00033749840606860527+0.002144631575629789*I,0.0003219923077933933+0.0020769881133154144*I
"Linear-m","",30,11.7,0.6283185307179586,51,-0.005059851747980387+0.0796182227045879*I,0.000018564020161668335+0.000039563163036257475*I,0.000024573660452489095+0.00003975924976510352*I,-0.00028063749327698483+0.0021490691323317193*I,-0.0002701032030486617+0.00210620617453422*I
"Linear-m","",30,12.7,0.6283185307179586,51,0.004102566013352394-0.02216658877893919*I,9.830606068956292*^-6+0.00003867688184537933*I,-1.137260514242136*^-6+0.00003896579153045233*I,-0.000733342181917067+0.001919588678019744*I,-0.0007112350007128511+0.0018883064591972145*I
"Linear-m","",30,13.7,0.6283185307179586,51,0.03250960472280945-0.11145000203452302*I,0.00001675811981381118+0.00003800817529971369*I,0.000018180692970167596+0.00003802173720390362*I,-0.001118636098957907+0.001759474843587774*I,-0.0010961271114583327+0.0017230043054111805*I
"Linear-m","",30,14.7,0.6283185307179586,51,0.07272672335343484-0.1867702836315009*I,0.0000440279296269417+0.0000366056978531403*I,0.00003966719256012427+0.000036554099932425144*I,-0.0014076011864013528+0.0015346597368424472*I,-0.0013668464762526+0.0014909032711099865*I
"Linear-m","",30,15.7,0.6283185307179586,51,0.11928051277097639-0.2483783966619043*I,0.000016505220343205574+0.00003710844911982749*I,-5.008587909111073*^-6+0.00003717192739062547*I,-0.001569945440829387+0.0012597239950946867*I,-0.0015585094595406482+0.0012491540343525752*I
"Linear-m","",30,16.7,0.6283185307179586,51,0.16847017476649362-0.29771590189627023*I,0.000013387535200519359+0.000036674285192798666*I,3.3136902356165066*^-6+0.00003681070342904573*I,-0.001703063671266208+0.0010237121431050668*I,-0.0016901158500883823+0.0010158020017975895*I
"Linear-m","",30,17.7,0.6283185307179586,51,0.2178981001240595-0.33653908903071383*I,5.870373282584093*^-6+0.00003739993169785784*I,1.7602982497096076*^-6+0.00003741240753426702*I,-0.0017081250634812897+0.0007666789554839825*I,-0.0017000451135832546+0.0007630043289274732*I
"Linear-m","",30,18.7,0.6283185307179586,51,0.2660739204592905-0.3665758109151575*I,7.584281059937409*^-6+0.000037113042532858395*I,1.4921862919771434*^-6+0.00003714546707831966*I,-0.001693635849609835+0.0005526435721199294*I,-0.001687478801016995+0.0005505762796069041*I
"Linear-m","",30,19.7,0.6283185307179586,51,0.312129046925313-0.389384150614278*I,2.4956618463591263*^-6+0.00003702183299368279*I,1.706632607225908*^-6+0.00003701672406934424*I,-0.001648053536386905+0.0003673425185900655*I,-0.0016458844252550731+0.00036685151941006147*I
"Linear-m","",30,3.7,0.7853981633974483,51,0.12407917281718449+0.07613891128727657*I,-0.00001626334586625586+0.00003985597498884839*I,-0.000069054342411026+0.000040350274288296155*I,0.0021845581471094068-0.001154620853299288*I,0.002117912092542568-0.0011094289229159676*I
"Linear-m","",30,4.7,0.7853981633974483,51,-0.04743184226812709+0.23541996411180466*I,-0.000016270259637143902+0.000040029704927421*I,6.610677425732039*^-6+0.00004109422567579812*I,-0.000968627569126464+0.0022802837895061333*I,-0.0009341798699395057+0.0022269715812254657*I
"Linear-m","",30,5.7,0.7853981633974483,51,0.07413478803743964-0.0484996356416051*I,0.000010504296095307987+0.00003919880881746383*I,0.000018481662032511373+0.00003948883986850601*I,-0.002237185325456222-0.001006000341658625*I,-0.0021963862171392743-0.0009578190423226757*I
"Linear-m","",30,6.7,0.7853981633974483,51,0.3255309013207938-0.007942518341383306*I,0.00003093995096403561+0.0000412863030355874*I,0.000019778205613635302+0.000040797334708653374*I,-0.00009056574533503146-0.0023513292110069845*I,-0.00011354573867310234-0.0023051408150296378*I
"Linear-m","",30,7.7,0.7853981633974483,51,0.37222317090284424+0.15157868407187186*I,0.00006040731150333705+0.000039419535496997944*I,0.00003789139084285284+0.00003893845785996737*I,0.00165019932121676-0.0016865383250380128*I,0.0015908978206591248-0.0016286869061328535*I
"Linear-m","",30,8.7,0.7853981633974483,51,0.28405243662931307+0.24086336834983674*I,4.2912666849251935*^-6+0.000040222719857801246*I,0.000052897413130423634+0.00003975655951365425*I,0.002310813363557858-0.0003734533365275986*I,0.0022517825122623934-0.00037379328972820397*I
"Linear-m","",30,9.7,0.7853981633974483,51,0.16750543813137586+0.236572168609485*I,0.0000618964060114073+0.000040250450472546156*I,0.0000155271666153773+0.000040835201266234105*I,0.0021384285113537098+0.0007719883867331055*I,0.002092131117275684+0.0007360168494290166*I
"Linear-m","",30,10.7,0.7853981633974483,51,0.07467404840700112+0.17098150408313337*I,0.00004245583464090874+0.000038858145163434536*I,0.000032125538965929214+0.000039203351161642195*I,0.0016308443596801127+0.001507537857223696*I,0.0015770252212108276+0.0014616187807083253*I
"Linear-m","",30,11.7,0.7853981633974483,51,0.019149761509624105+0.07744695455518*I,0.00003949415856998673+0.00003875453373991952*I,0.00003743032626245973+0.00003899467920841073*I,0.0010201814534248786+0.0019396191068575415*I,0.0009884854461560274+0.00188135047088986*I
"Linear-m","",30,12.7,0.7853981633974483,51,-0.0022298167413185013-0.022430435302280827*I,0.000022542449267017372+0.00003768303946405575*I,-7.76934345178722*^-6+0.0000379131965263053*I,0.000428280038409989+0.002062864026496401*I,0.00041339360795980643+0.0020206915815925855*I
"Linear-m","",30,13.7,0.7853981633974483,51,0.0026108855676058814-0.11606547145259226*I,0.000024392572428965156+0.00003720942491586339*I,0.000017289931729833454+0.0000372805592217751*I,-0.00008684213538304175+0.0020691387403455716*I,-0.00009087916125750809+0.002026234258661247*I
"Linear-m","",30,14.7,0.7853981633974483,51,0.025545090390727925-0.1987955413262876*I,0.000026733666070480017+0.000037297971614069723*I,-6.300210710488002*^-6+0.00003737181114097278*I,-0.0005175831103154716+0.001987592783433417*I,-0.0005105969024704962+0.0019592823854495205*I
"Linear-m","",30,15.7,0.7853981633974483,51,0.06004766149257368-0.26891378496928753*I,0.00001061019082012219+0.00003782702054158991*I,-8.275885403081877*^-6+0.00003769399695957166*I,-0.0008448223909616799+0.0018030801833841636*I,-0.0008390873016225287+0.0017870026821208184*I
"Linear-m","",30,16.7,0.7853981633974483,51,0.10128181613001352-0.32674121118894417*I,1.8635738970745219*^-6+0.00003777733742322554*I,3.921994656772357*^-6+0.00003776788368665841*I,-0.001095547253192481+0.0015977227200865353*I,-0.0010898910224291705+0.001589733267588351*I
"Linear-m","",30,17.7,0.7853981633974483,51,0.1458548772902684-0.37344929602821847*I,6.96423069746231*^-6+0.00003722970137037505*I,1.3114669698919418*^-6+0.00003720383787657802*I,-0.0012426853261296004+0.001348456502889919*I,-0.0012405188731649912+0.0013463312887768628*I
"Linear-m","",30,18.7,0.7853981633974483,51,0.19146818317134923-0.41050357844438184*I,2.6457752142271067*^-6+0.00003746339464424288*I,6.9558560789623886*^-6+0.00003743021911119926*I,-0.0013795353739000549+0.0011574688973831784*I,-0.0013759407722355576+0.0011545374356963112*I
"Linear-m","",30,19.7,0.7853981633974483,51,0.23662384022201752-0.43937997132969014*I,8.822319198382615*^-6+0.00003702424298715964*I,-0.00001363772233846372+0.00003698146572711471*I,-0.0013804711685970346+0.0009105267361861657*I,-0.001375331826251519+0.0009069352619958618*I
"Linear-m","",30,3.7,1.0471975511965976,51,0.10764596831450293-0.09794520149715616*I,-0.00007093287973690247+0.00004003842573235456*I,0.000016127988797198962+0.00003867214013940984*I,-0.0025393395173730427-0.00025222247909356807*I,-0.0024332957677162055-0.00022520928958288293*I
"Linear-m","",30,4.7,1.0471975511965976,51,0.17484311237155456+0.16465333278131364*I,0.000023441553823574587+0.000037362784472562104*I,-0.000023058023739340634+0.00003922898349346238*I,0.002506540895912362-0.0001489679538321585*I,0.0024042821238460807-0.00014262924197522286*I
"Linear-m","",30,5.7,1.0471975511965976,51,0.013670979381324687-0.08759078694848633*I,-0.00001657536980461229+0.000039476968465553446*I,-0.00003173732285908387+0.000041277272010917024*I,-0.0007232085315417799+0.0023884779691748033*I,-0.0007233443107826939+0.0023185412929531152*I
"Linear-m","",30,6.7,1.0471975511965976,51,0.24136502779907412-0.21862311058325606*I,0.00002190919804994848+0.000039959891899582545*I,4.99560591139727*^-6+0.00003980039232633376*I,-0.002376978801903054-0.00022782152180317143*I,-0.0023246336151955156-0.00022572790903109975*I
"Linear-m","",30,7.7,1.0471975511965976,51,0.39109820377711213-0.09259047509428611*I,0.000018189463646080972+0.00004120421663833311*I,0.000010392853559953313+0.0000413711074253127*I,-0.0010657244622226242-0.0020990417264828243*I,-0.0010289111899097515-0.002052791306248589*I
"Linear-m","",30,8.7,1.0471975511965976,51,0.36794896501321234+0.05762285052283867*I,0.00002152793378195406+0.000040955792210199754*I,-0.00001101116599511523+0.000040591313031732464*I,0.000688753114731956-0.002177765487925495*I,0.0006859980471247817-0.0021333476015670478*I
"Linear-m","",30,9.7,1.0471975511965976,51,0.2593425044031144+0.12952695437351974*I,0.000055302846137906025+0.0000386612305874029*I,0.0000390671203219662+0.000038883825959118436*I,0.0017771542386712893-0.0013443399966044274*I,0.001716729489697184-0.001290317097792956*I
"Linear-m","",30,10.7,1.0471975511965976,51,0.14106788466713377+0.12211389196687394*I,0.000044836035214913805+0.00003988894876937119*I,0.000018294513372426463+0.00004034121605338128*I,0.002153343868385049-0.00031206051100889044*I,0.002091661569116949-0.0003040326652720437*I
"Linear-m","",30,11.7,1.0471975511965976,51,0.0482705602905956+0.06352683352334529*I,0.000028098406896935255+0.00003933042346973674*I,0.000028899889606060457+0.00003954786434247132*I,0.0020703146083783774+0.0005756704027496254*I,0.0020159450395009796+0.000559917564193104*I
"Linear-m","",30,12.7,1.0471975511965976,51,-0.01030731609106972-0.020047834049461134*I,0.000022514461122649465+0.000038561918911940496*I,0.00006491876116788498+0.00003845043817587139*I,0.0017209117259175011+0.0012222800110897407*I,0.001659480451825365+0.0011860090133658612*I
"Linear-m","",30,13.7,1.0471975511965976,51,-0.03713476949223722-0.109996004338558*I,2.410174340866629*^-6+0.00003812100014481181*I,0.00007677810569855278+0.000037582209822610445*I,0.0012443983204370292+0.0016400983276162492*I,0.0012174649571841051+0.001596540814786742*I
"Linear-m","",30,14.7,1.0471975511965976,51,-0.03914443937628822-0.19656952956521506*I,0.00003869287751432667+0.00003793127477159475*I,0.000023472724469295395+0.00003792859640741423*I,0.0008006702022410116+0.0019284324459288161*I,0.0007842255561916096+0.0018900737355220516*I
"Linear-m","",30,15.7,1.0471975511965976,51,-0.023119413103483755-0.274564443414435*I,7.624584774432972*^-7+0.000039010640184354835*I,0.000015864261271793245+0.0000389829347605144*I,0.00033361510523033963+0.0019605315212296473*I,0.00033036185219581515+0.0019444297431718317*I
"Linear-m","",30,16.7,1.0471975511965976,51,0.005160124875737079-0.3420400447799384*I,9.142979238714511*^-6+0.000039164981462933995*I,0.000012314973368227414+0.00003923428414996359*I,-0.000058169503959649245+0.0019391564991983487*I,-0.00005787273415103211+0.0019281491181655228*I
"Linear-m","",30,17.7,1.0471975511965976,51,0.041212163732591976-0.3987970098402454*I,7.805878812247844*^-6+0.00003854064534546442*I,-1.4909258850837048*^-6+0.000038538759842800505*I,-0.00038423064445909487+0.001840958001433853*I,-0.00038321548559991543+0.0018359215939515844*I
"Linear-m","",30,18.7,1.0471975511965976,51,0.0817451018007226-0.4455236081115391*I,3.4396588835097083*^-6+0.000038734756586562835*I,6.806441929425172*^-6+0.000038688699114545*I,-0.0006284071101266739+0.0016558404834767042*I,-0.0006266343026256945+0.0016509735839687562*I
"Linear-m","",30,19.7,1.0471975511965976,51,0.12442436533814506-0.48328479651271644*I,2.071931087274461*^-6+0.00003873602969511172*I,-8.158235264288383*^-7+0.0000387766072264307*I,-0.0008066758439943465+0.0014633121330022401*I,-0.0008040497710293144+0.001458374511329112*I
"Linear-m","",30,3.7,1.5707963267948966,51,-0.03657998647045754-0.14084700171629536*I,-0.00003229905554055952+0.00004062254352299982*I,-0.00006495105486151198+0.000040410141294398397*I,0.0012560174525456517+0.002188498493245166*I,0.0011911708526151628+0.002137937562272754*I
"Linear-m","",30,4.7,1.5707963267948966,51,0.23899200471041626-0.023925860227986744*I,-0.000010969109327398547+0.00004138267629028702*I,1.8426917468067003*^-6+0.00004222583052843721*I,-0.0004846786300108151-0.002495425549508633*I,-0.0004949857293741694-0.002437447150988007*I
"Linear-m","",30,5.7,1.5707963267948966,51,-0.04638083925120971-0.07552220799910969*I,3.3086060375053794*^-6+0.00004105526029468694*I,0.00004700028210411031+0.00004035488287195831*I,0.0021968808298869634+0.0011189466679943838*I,0.0021476383261180773+0.0010900331518230106*I
"Linear-m","",30,6.7,1.5707963267948966,51,0.07576270278730841-0.3167204289538854*I,0.000011645136450543004+0.00004174971274700288*I,0.000028442723380161378+0.00004131604286950872*I,-0.0010940182910744506+0.002116673083142875*I,-0.0010575182632694361+0.0020841653239008994*I
"Linear-m","",30,7.7,1.5707963267948966,51,0.292852483682735-0.27527253596925877*I,0.00005585956194645656+0.00003976140796484922*I,-9.563503266835083*^-6+0.00004022974775451156*I,-0.00230816375617487-0.00012707426628713204*I,-0.002250005701371837-0.000139793935068213*I
"Linear-m","",30,8.7,1.5707963267948966,51,0.3550778301257293-0.11243199428481766*I,0.00002564580873544258+0.000040642456368533955*I,-8.210175010594373*^-6+0.00004070041550466649*I,-0.0012997972779301772-0.0018214723656534964*I,-0.0012637785957601705-0.0017982323977133782*I
"Linear-m","",30,9.7,1.5707963267948966,51,0.28954368274668074+0.014154997782980775*I,0.00004883394523246163+0.00003949666146799924*I,0.00001838778801340618+0.00003948534999099005*I,0.00020593760454538362-0.0022660757512655326*I,0.00021570219336901342-0.002201582683366123*I
"Linear-m","",30,10.7,1.5707963267948966,51,0.17603617196621651+0.061856553738135325*I,0.000029302881891463347+0.000039604155375001584*I,0.00003265785715404149+0.00003914111129854811*I,0.0014000103674712621-0.0017514054986462152*I,0.00136718380993062-0.00170714071220315*I
"Linear-m","",30,11.7,1.5707963267948966,51,0.06684664559826037+0.043566897171518834*I,0.00002478318061036348+0.00003954035468109058*I,-7.923215253087448*^-6+0.00003966755501995119*I,0.0019563850544665642-0.0008721089248521767*I,0.0019305634444976418-0.0008528029300395056*I
"Linear-m","",30,12.7,1.5707963267948966,51,-0.01604010485180177-0.015839424825079308*I,0.00004696679333044242+0.0000381423514158822*I,0.000025324407103787547+0.00003841632774917315*I,0.0021323704678379396-0.000023918260950481327*I,0.0020901230966642623-0.000023795369359369138*I
"Linear-m","",30,13.7,1.5707963267948966,51,-0.06735969237336886-0.0945510543607245*I,0.000022555886550191945+0.00003711243745901595*I,0.000014850506739619296+0.00003719305792596927*I,0.0020008875726524196+0.000692253091818586*I,0.001979624610182392+0.0006849521931517125*I
"Linear-m","",30,14.7,1.5707963267948966,51,-0.09077599332794958-0.17869055361163624*I,0.000014849127740539588+0.0000375418673187724*I,1.2886186649555334*^-6+0.000037532292389028346*I,0.0016251750916757208+0.0011871444308653141*I,0.0016155982771825575+0.0011802938294256686*I
"Linear-m","",30,15.7,1.5707963267948966,51,-0.09189754341034582-0.25975780199530324*I,0.000013307776584734658+0.000037906229033402235*I,0.000011366132919290658+0.00003791442251172567*I,0.0012147002598443392+0.0015017140265050613*I,0.001211682485812291+0.0014979870360015152*I
"Linear-m","",30,16.7,1.5707963267948966,51,-0.07652562161787209-0.33340870227697017*I,0.000012943434758570703+0.0000371529973786957*I,0.000015927017086492593+0.00003717490910174059*I,0.0007951107941165226+0.0016416223691520899*I,0.0007946915910815328+0.001640582911556796*I
"Linear-m","",30,17.7,1.5707963267948966,51,-0.049635161946468366-0.39783743059243415*I,0.000017351107339805783+0.00003721664461221432*I,0.000010448743707478989+0.00003717596979412156*I,0.0004279481456615759+0.0016862179991204193*I,0.00042732327365776687+0.001684538528378971*I
"Linear-m","",30,18.7,1.5707963267948966,51,-0.015166022454525571-0.4527082777359658*I,-1.6711426842914433*^-6+0.00003624911865595962*I,0.00001309391510692301+0.00003627900074854851*I,0.00011163533365066742+0.001647591538507671*I,0.00011094061507577191+0.0016437175378111043*I
"Linear-m","",30,19.7,1.5707963267948966,51,0.023920647600177466-0.49847354828829554*I,0.000010187409898489926+0.00003573072024942058*I,0.000010195962076738757+0.000035727786685868987*I,-0.00015093765001554009+0.0015714072397414204*I,-0.00015038031455697626+0.001564798698789315*I
